{"cameraMode":{"drawMode":0,"name":"Shaded","section":"Shading Mode"},"sceneLighting":false,"audioPlay":false,"sceneViewState":{"m_AlwaysRefresh":false,"showFog":true,"showSkybox":false,"showFlares":true,"showImageEffects":true,"showParticleSystems":true,"showVisualEffectGraphs":true,"m_FxEnabled":true},"in2DMode":false,"pivot":{"x":0.5500814318656921,"y":1.6606783866882325,"z":-0.36429622769355776},"rotation":{"x":0.23296262323856355,"y":-0.2476593255996704,"z":0.06146573647856712,"w":0.9384890198707581},"size":1.2247449159622193,"orthographic":false}