{"cameraMode":{"drawMode":0,"name":"Shaded","section":"Shading Mode"},"sceneLighting":true,"audioPlay":false,"sceneViewState":{"m_AlwaysRefresh":false,"showFog":true,"showSkybox":true,"showFlares":true,"showImageEffects":true,"showParticleSystems":true,"showVisualEffectGraphs":true,"m_FxEnabled":true},"in2DMode":false,"pivot":{"x":-0.7976892590522766,"y":2.374952554702759,"z":-13.593758583068848},"rotation":{"x":-0.004745099693536758,"y":0.9818836450576782,"z":-0.18813244998455048,"w":-0.024745842441916467},"size":9.530660629272461,"orthographic":false}